<?xml version="1.0"?><Report><ReportQuery><Format><ReportTitle>Suppliers</ReportTitle><ReportDescription>This report shows a simple list of suppliers. &lt;p&gt;
This report is interesting because it presents the data in a searchable sortable grid form that is available in the Format menu.</ReportDescription><PageSize>.DEFAULT</PageSize><PageOrientation>.DEFAULT</PageOrientation><TopMargin></TopMargin><BottomMargin></BottomMargin><RightMargin></RightMargin><LeftMargin></LeftMargin><pdfFont></pdfFont><pdfFontSize></pdfFontSize><PreExecuteCode>NONE</PreExecuteCode><formBetweenRows>solidline</formBetweenRows><gridDisplay>show</gridDisplay><gridSortable>yes</gridSortable><gridSearchable>yes</gridSearchable><gridPageable>no</gridPageable><gridPageSize>.DEFAULT</gridPageSize></Format><Datasource><SourceType>database</SourceType><SourceConnection><DatabaseType>mysql</DatabaseType><DatabaseName></DatabaseName><HostName></HostName><ServiceName></ServiceName><UserName></UserName><Password></Password></SourceConnection></Datasource><EntryForm><Query><TableSql></TableSql><WhereSql></WhereSql><GroupSql></GroupSql><RowSelection>all</RowSelection><SQL><QuerySql></QuerySql><SQLRaw>SELECT supplierid, companyname
FROM  northwind_suppliers
WHERE 1 = 1  </SQLRaw></SQL><QueryColumns><QueryColumn><Name>supplierid</Name><TableName></TableName><ColumnName>supplierid</ColumnName><ColumnType>char</ColumnType><ColumnLength>30</ColumnLength><Format><column_display>show</column_display><content_type>plain</content_type><ColumnStartPDF></ColumnStartPDF><justify>left</justify><ColumnWidthPDF></ColumnWidthPDF><ColumnWidthHTML></ColumnWidthHTML><column_title></column_title><tooltip></tooltip><group_header_label>0</group_header_label><group_header_label_xpos></group_header_label_xpos><group_header_data_xpos></group_header_data_xpos><group_trailer_label>0</group_trailer_label></Format></QueryColumn><QueryColumn><Name>companyname</Name><TableName></TableName><ColumnName>companyname</ColumnName><ColumnType>char</ColumnType><ColumnLength>30</ColumnLength><Format><column_display>show</column_display><content_type>plain</content_type><ColumnStartPDF></ColumnStartPDF><justify>left</justify><ColumnWidthPDF></ColumnWidthPDF><ColumnWidthHTML></ColumnWidthHTML><column_title></column_title><tooltip></tooltip><group_header_label>0</group_header_label><group_header_label_xpos></group_header_label_xpos><group_header_data_xpos></group_header_data_xpos><group_trailer_label>0</group_trailer_label></Format></QueryColumn></QueryColumns><OrderColumns></OrderColumns><PreSQLS></PreSQLS></Query><Assignments></Assignments><Criteria></Criteria><Output><PageHeaders></PageHeaders><PageFooters></PageFooters><DisplayOrders><DisplayOrder><ColumnName>supplierid</ColumnName><OrderNumber>1</OrderNumber></DisplayOrder><DisplayOrder><ColumnName>companyname</ColumnName><OrderNumber>2</OrderNumber></DisplayOrder></DisplayOrders><Groups></Groups><Graphs></Graphs></Output></EntryForm></ReportQuery></Report>